Owner,Length Remaining,Acquired,Year of Contract,Pos,Player,Per Year $ (In M),2025,2026,2027,2028
Chad,4,FM,2025,QB,Aaron Rodgers,$18.00,$18.00,$18.00,$18.00,$18.00
Chad,3,2025-R1,2025,QB,Cameron Ward,$8.75,$8.75,$8.75,$8.75
Chad,1,RFA,2024,QB,Jared Goff,$42.00,$42.00
Chad,1,2023-R1,2023,QB,Will Levis,$5.75,$5.75
Chad,2,FM,2025,RB,Alvin Kamara,$28.50,$28.50,$28.50
Chad,1,UFA,2023,RB,Antonio Gibson,$10.50,$10.50
Chad,2,UFA,2025,RB,Elijah Mitchell,$3.50,$3.50,$3.50
Chad,2,UFA,2024,RB,James Conner,$15.00,$15.00,$15.00
Chad,2,RFA,2025,RB,Kyren Williams,$38.00,$38.00,$38.00
Chad,3,2025-R4,2025,RB,Woody Marks,$1.75,$1.75,$1.75,$1.75
Chad,2,UFA,2025,TE,Cole Kmet,$3.00,$3.00,$3.00
Chad,3,UFA,2025,TE,Jonnu Smith,$6.00,$6.00,$6.00,$6.00
Chad,1,2023-R2,2023,TE,Sam LaPorta,$3.25,$3.25
Chad,3,2025-R2,2025,TE,Tyler Warren,$5.75,$5.75,$5.75,$5.75
Chad,1,RFA,2024,WR,A.J. Brown,$25.00,$25.00
Chad,1,RFA,2024,WR,DJ Moore,$26.50,$26.50
Chad,3,2025-R2,2025,WR,Jalen Royals,$4.00,$4.00,$4.00,$4.00
Chad,2,RFA,2025,WR,Jaylen Waddle,$30.00,$30.00,$30.00
Chad,1,2023-R2,2023,WR,Marvin Mims,$4.25,$4.25
Chad,1,2023-R3,2023,WR,Michael Wilson,$1.75,$1.75
Chad,3,2025-R3,2025,WR,Pat Bryant,$3.25,$3.25,$3.25,$3.25
Chad-TS,2,2024-R3,2024,RB,Kimani Vidal,$4.00,$4.00,$4.00
Chad-TS,2,2024-R3,2024,TE,Ja'Tavion Sanders,$2.50,$2.50,$2.50
Chad-TS,2,2024-R4,2024,WR,Johnny Wilson,$1.00,$1.00,$1.00
Chad-TS,3,2025-R4,2025,WR,Tory Horton,$1.50,$1.50,$1.50,$1.50
Jim,1,FT,2025,QB,Jalen Hurts,$47.25,$47.25
Jim,3,FM,2024,QB,Matthew Stafford,$26.00,$26.00,$26.00,$26.00
Jim,2,2024-R2,2024,QB,Michael Penix,$6.50,$6.50,$6.50
Jim,1,2022-R1,2022,RB,Breece Hall,$7.75,$23.50
Jim,2,RFA,2025,RB,Jonathan Taylor,$40.00,$40.00,$40.00
Jim,1,FM,2022,RB,Tony Pollard,$10.00,$10.00
Jim,3,2025-R1,2025,RB,TreVeyon Henderson,$9.00,$9.00,$9.00,$9.00
Jim,2,2023-R1,2023,RB,Zach Charbonnet,$6.00,$6.00,$23.50
Jim,2,2024-R1,2024,TE,Brock Bowers,$8.00,$8.00,$8.00
Jim,1,UFA,2022,TE,David Njoku,$6.25,$6.25
Jim,1,RFA,2024,WR,Elijah Moore,$12.25,$12.25
Jim,1,2022-R1,2022,WR,Garrett Wilson,$5.75,$18.00
Jim,1,UFA,2023,WR,Hollywood Brown,$15.00,$15.00
Jim,2,2024-R1/Rstr,2024,WR,Malik Nabers,$9.00,$4.50,$13.50
Jim,2,2024-R1,2024,WR,Marvin Harrison,$9.75,$9.75,$9.75
Jim,2,2023-R1,2023,WR,Quentin Johnston,$6.75,$6.75,$18.00
Jim,1,FM,2024,WR,Rashod Bateman,$3.00,$3.00
Jim,3,2025-R4,2025,WR,Tai Felton,$1.00,$1.00,$1.00,$1.00
Jim,1,RFA,2024,WR,Tee Higgins,$18.25,$18.25
Jim,1,RFA,2024,WR,Terry McLaurin,$18.25,$18.25
Jim,1,2023-R4,2023,WR,Tre Tucker,$1.50,$1.50
Kevin,2,RFA,2025,QB,Baker Mayfield,$40.00,$40.00,$40.00
Kevin,2,2023-R1,2023,QB,C.J. Stroud,$7.25,$7.25,$23.75
Kevin,2,2024-R1,2024,QB,Drake Maye,$7.50,$7.50,$7.50
Kevin,2,FM,2024,RB,David Montgomery,$21.50,$21.50,$21.50
Kevin,2,UFA,2025,RB,Isaiah Davis,$2.00,$2.00,$2.00
Kevin,2,2023-R1,2023,RB,Jahmyr Gibbs,$7.75,$7.75,$23.50
Kevin,2,UFA,2023,RB,Jerome Ford,$4.50,$4.50,$4.50
Kevin,1,UFA,2025,RB,Kareem Hunt,$9.50,$9.50
Kevin,1,UFA,2022,RB,Saquon Barkley,$33.50,$33.50
Kevin,2,RFA,2025,TE,Brenton Strange,$9.25,$9.25,$9.25
Kevin,3,FM,2024,TE,Travis Kelce,$18.00,$18.00,$18.00,$18.00
Kevin,3,FM,2024,WR,Amon-Ra St. Brown,$46.50,$46.50,$46.50,$46.50
Kevin,3,UFA/Rstr2024,2024,WR,Chris Godwin,$22.00,$11.00,$11.00,$11.00
Kevin,3,2025-R1,2025,WR,Emeka Egbuka,$7.25,$7.25,$7.25,$7.25
Kevin-TS,3,2025-R2,2025,WR,Jayden Higgins,$6.00,$6.00,$6.00,$6.00
Kevin,1,2023-R2,2023,WR,Josh Downs,$3.50,$3.50
Kevin,2,FM,2025,WR,Keenan Allen,$5.25,$5.25,$5.25
Kevin,2,2024-R1,2024,WR,Ladd McConkey,$7.00,$7.00,$7.00
Kevin,1,2023-R4,2023,WR,Puka Nacua,$1.00,$1.00
Kevin,3,2025-R4,2025,WR,Savion Williams,$1.00,$1.00,$1.00,$1.00
Kevin,2,2024-R1,2024,WR,Xavier Worthy,$7.25,$7.25,$7.25
Kevin-TS,2,2024-R2,2024,RB,Blake Corum,$5.75,$5.75,$5.75
Kevin-TS,3,2025-R3,2025,RB,Brashard Smith,$2.75,$2.75,$2.75,$2.75
Kevin-TS,3,2025-R2,2025,TE,Mason Taylor,$5.50,$5.50,$5.50,$5.50
Marcus,2,RFA,2025,QB,Josh Allen,$60.00,$30.00,$90.00
Marcus,1,RFA,2024,QB,Patrick Mahomes,$55.00,$82.50
Marcus,2,FM,2024,RB,Aaron Jones,$20.50,$20.50,$20.50
Marcus,4,FM,2025,RB,Javonte Williams,$7.00,$7.00,$7.00,$7.00,$7.00
Marcus,1,2022-R1,2022,RB,Kenneth Walker,$7.50,$11.75
Marcus,4,UFA,2025,RB,Miles Sanders,$0.50,$0.50,$0.50,$0.50,$0.50
Marcus,3,2025-R1,2025,RB,Quinshon Judkins,$8.50,$8.50,$8.50,$8.50
Marcus,3,2025-R1,2025,RB,RJ Harvey,$7.75,$7.75,$7.75,$7.75
Marcus,3,UFA,2024,RB,Samaje Perine,$1.00,$1.00,$1.00,$1.00
Marcus,1,2023-R1,2023,TE,Dalton Kincaid,$6.25,$6.25,$9.75
Marcus,2,RFA,2025,TE,Kyle Pitts,$14.00,$14.00,$14.00
Marcus,1,RFA,2024,WR,Brandon Aiyuk,$19.50,$19.50
Marcus,1,FT,2025,WR,CeeDee Lamb,$43.50,$43.50
Marcus,1,2022-R1,2022,WR,Drake London,$7.00,$18.00
Marcus,4,FM,2025,WR,Jahan Dotson,$0.50,$0.50,$0.50,$0.50,$0.50
Marcus,2,2023-R1,2023,WR,Jaxon Smith-Njigba,$7.50,$7.50,$18.00
Marcus-TS,2,2024-R4,2024,TE,Cade Stover,$1.00,$1.00,$1.00
Marcus-TS,3,2025-R3,2025,TE,Elijah Arroyo,$2.50,$2.50,$2.50,$2.50
Marcus-TS,3,2025-R3,2025,WR,Elic Ayomanor,$2.50,$2.50,$2.50,$2.50
Marcus-TS,2,2024-R3,2024,WR,Jalen McMillan,$2.50,$2.50,$2.50
Matt,3,UFA,2025,QB,Jameis Winston,$9.50,$9.50,$9.50,$9.50
Matt,2,2024-R1,2024,QB,Jayden Daniels,$9.25,$9.25,$9.25
Matt,1,RFA,2024,QB,Joe Burrow,$46.00,$46.00
Matt,3,FM,2025,QB,Sam Darnold,$26.50,$26.50,$26.50,$26.50
Matt,2,2023-R1,2023,RB,Bijan Robinson,$8.50,$8.50,$23.50
Matt,2,2024-R3,2024,RB,Braelon Allen,$3.00,$3.00,$3.00
Matt,2,UFA,2024,RB,Rico Dowdle,$5.00,$5.00,$5.00
Matt,1,2023-R2,2023,RB,Tyjae Spears,$4.00,$4.00
Matt,2,2024-R4,2024,RB,Tyrone Tracy,$2.00,$2.00,$2.00
Matt,3,FM,2024,TE,T.J. Hockenson,$17.50,$17.50,$17.50,$17.50
Matt,2,2024-R2,2024,WR,Brian Thomas,$6.00,$6.00,$6.00
Matt,2,UFA,2025,WR,Cedric Tillman,$4.50,$4.50,$4.50
Matt,1,FM,2023,WR,Curtis Samuel,$3.50,$3.50
Matt,3,FM,2024,WR,DK Metcalf,$33.50,$33.50,$33.50,$33.50
Matt,2,UFA,2024,WR,Joshua Palmer,$13.00,$13.00,$13.00
Matt,2,2024-R3,2024,WR,Malachi Corley,$3.50,$3.50,$3.50
Matt,1,RFA,2024,WR,Stefon Diggs,$21.00,$21.00
Matt,3,2025-R1,2025,WR,Tetairoa McMillan,$8.25,$8.25,$8.25,$8.25
Matt,2,RFA,2025,WR,Tyreek Hill,$34.00,$34.00,$34.00
Matt,4,FM,2025,WR,Wan'Dale Robinson,$8.75,$8.75,$8.75,$8.75,$8.75
Matt-TS,3,2025-R2,2025,RB,Jayden Blue,$5.25,$5.25,$5.25,$5.25
Matt-TS,3,2025-R4,2025,TE,Oronde Gadsden,$1.50,$1.50,$1.50,$1.50
Mike K,2,UFA,2025,QB,Justin Fields,$28.50,$28.50,$28.50
Mike K,1,RFA,2024,QB,Tua Tagovailoa,$40.00,$40.00
Mike K,3,2025-R2,2025,QB,Tyler Shough,$4.00,$4.00,$4.00,$4.00
Mike K,1,FM,2023,RB,Alexander Mattison,$9.25,$9.25
Mike K,1,RFA,2024,RB,Derrick Henry,$35.00,$35.00
Mike K,1,RFA,2024,RB,Josh Jacobs,$38.00,$38.00
Mike K,1,2023-R2,2023,RB,Tank Bigsby,$3.75,$3.75
Mike K,2,2024-R4,2024,RB,Will Shipley,$2.25,$2.25,$2.25
Mike K,1,UFA,2024,TE,Hunter Henry,$9.00,$9.00
Mike K,3,FM,2024,TE,Pat Freiermuth,$11.00,$11.00,$11.00,$11.00
Mike K,1,RFA,2024,WR,Cooper Kupp,$24.50,$24.50
Mike K,2,UFA,2023,WR,Courtland Sutton,$9.25,$9.25,$9.25
Mike K,4,FM,2025,WR,Jakobi Meyers,$19.25,$19.25,$19.25,$19.25,$19.25
Mike K,1,FT,2025,WR,JaMarr Chase,$43.50,$43.50
Mike K,1,UFA,2022,WR,Kendrick Bourne ,$3.00,$3.00
Mike K,3,2025-R1,2025,WR,Matthew Golden,$7.50,$7.50,$7.50,$7.50
Mike K-Cut,2,2024-R4,2024,RB,Frank Gore,$1.25,$1.25,$1.25
Mike K-TS,3,2025-R2,2025,QB,Jalen Milroe,$4.50,$4.50,$4.50,$4.50
Mike K-TS,3,2025-R4,2025,QB,Quinn Ewers,$1.25,$1.25,$1.25,$1.25
Mike K-TS,3,2025-R3,2025,RB,Ollie Gordon,$3.25,$3.25,$3.25,$3.25
Mike K-TS,3,2025-R2,2025,WR,Kyle Williams,$4.00,$4.00,$4.00,$4.00
Mike N,1,2023-R1,2023,QB,Bryce Young,$8.25,$8.25,$23.75
Mike N,2,2024-R1,2024,QB,Caleb Williams,$9.50,$9.50,$9.50
Mike N,1,RFA,2024,QB,Justin Herbert,$37.75,$37.75
Mike N,2,FM,2025,QB,Kirk Cousins,$4.00,$4.00,$4.00
Mike N,2,RFA,2025,RB,Brian Robinson,$22.00,$22.00,$22.00
Mike N,2,FM,2025,RB,Deandre Swift,$22.00,$22.00,$22.00
Mike N,1,2023-R4,2023,RB,Deuce Vaughn,$1.50,$1.50
Mike N,2,2024-R3,2024,RB,Isaac Guerendo,$2.50,$2.50,$2.50
Mike N,1,FM,2025,RB,Isaih Pacheco,$34.00,$34.00
Mike N,1,UFA,2024,RB,Khalil Herbert,$2.50,$2.50
Mike N,3,2025-R1,2025,RB,Omarion Hampton,$9.50,$9.50,$9.50,$9.50
Mike N,3,FM,2024,TE,Jake Ferguson,$8.00,$8.00,$8.00,$8.00
Mike N,3,FM,2024,TE,Mark Andrews,$24.50,$12.25,$12.25,$12.25
Mike N,1,2022-R1,2022,WR,Chris Olave,$6.75,$18.00
Mike N,1,UFA,2025,WR,Christian Kirk,$10.25,$10.25
Mike N,2,2024-R2,2024,WR,Ja'Lynn Polk,$4.00,$4.00,$4.00
Mike N,1,2023-R2,2023,WR,Jayden Reed,$3.75,$3.75
Mike N,2,2024-R2,2024,WR,Keon Coleman,$6.25,$6.25,$6.25
Mike N,3,UFA,2025,WR,Michael Pittman,$19.50,$19.50,$19.50,$19.50
Mike N,2,2024-R1,2024,WR,Rome Odunze,$8.75,$8.75,$8.75
Mike N,3,2025-R1,2025,WR,Travis Hunter,$9.25,$9.25,$9.25,$9.25
Mike N,1,2023-R4,2023,WR,Trey Palmer,$1.00,$1.00
Mike N-IR,1,2023-R3,2023,WR,Tank Dell,$2.00,$0.00
Mike N-TS,3,2025-R2,2025,RB,Bhayshul Tuten,$4.25,$4.25,$4.25,$4.25
Mike N-TS,3,2025-R3,2025,RB,Jacory Croskey-Merritt,$2.50,$2.50,$2.50,$2.50
Mike N-TS,3,2025-R2,2025,TE,Colston Loveland,$6.25,$6.25,$6.25,$6.25
Mike N-TS,2,2024-R2,2024,WR,Troy Franklin,$5.00,$5.00,$5.00
Nick,2,UFA,2024,QB,Drew Lock,$4.00,$4.00,$4.00
Nick,2,UFA,2025,QB,Joe Milton,$8.00,$8.00,$8.00
Nick,3,UFA,2024,QB,Russell Wilson,$24.00,$24.00,$24.00,$24.00
Nick,2,2024-R3,2024,RB,Bucky Irving,$3.00,$3.00,$3.00
Nick,1,2023-R3,2023,RB,Chase Brown,$3.00,$3.00
Nick,2,2023-R1,2023,RB,DeVon Achane,$6.50,$6.50,$23.50
Nick,1,2022-R1,2022,RB,James Cook,$6.00,$23.50
Nick,3,FM,2025,RB,Jordan Mason,$14.00,$14.00,$14.00,$14.00
Nick,3,FM,2025,RB,Najee Harris,$10.00,$10.00,$10.00,$10.00
Nick,3,FM,2025,RB,Rachaad White,$6.50,$6.50,$6.50,$6.50
Nick,3,UFA,2024,RB,Zack Moss,$13.00,$13.00,$13.00,$13.00
Nick,2,RFA,2025,TE,Trey McBride,$20.00,$20.00,$20.00
Nick,1,RFA,2024,WR,Davante Adams,$30.00,$30.00
Nick,1,UFA,2024,WR,DeMario Douglas,$11.00,$11.00
Nick,1,FM,2025,WR,Jalen Coker,$8.00,$8.00
Nick,3,FM,2025,WR,Jauan Jennings,$15.00,$15.00,$15.00,$15.00
Nick,1,RFA,2024,WR,Khalil Shakir,$12.25,$12.25
Nick,2,2024-R3,2024,WR,Luke McCaffrey,$2.75,$2.75,$2.75
Nick,3,FM,2025,WR,Rashid Shaheed,$12.50,$12.50,$12.50,$12.50
Nick-TS,3,2025-R1,2025,QB,Jaxson Dart,$7.00,$7.00,$7.00,$7.00
Nick-TS,3,2025-R3,2025,QB,Riley Leonard,$2.50,$2.50,$2.50,$2.50
Nick-TS,3,2025-R3,2025,QB,Will Howard,$3.00,$3.00,$3.00,$3.00
Nick-TS,2,2024-R4,2024,WR,Roman Wilson,$4.00,$4.00,$4.00
Ruben,2,RFA,2025,QB,Brock Purdy,$39.00,$39.00,$39.00
Ruben,3,FM,2024,QB,Kyler Murray,$62.00,$72.25,$72.25,$72.50
Ruben,1,RFA,2024,QB,Lamar Jackson,$54.00,$54.00
Ruben,2,RFA,2025,RB,Chuba Hubbard,$33.00,$33.00,$33.00
Ruben,3,UFA,2024,RB,Jaleel McLaughlin,$4.50,$4.50,$4.50,$4.50
Ruben,2,UFA,2023,RB,Jaylen Warren,$2.25,$2.25,$2.25
Ruben,3,UFA,2024,RB,Keaton Mitchell,$4.75,$4.75,$4.75,$4.75
Ruben,3,2025-R4,2025,RB,Tahj Brooks,$1.75,$1.75,$1.75,$1.75
Ruben,3,UFA,2024,TE,Cade Otton,$0.75,$0.75,$0.75,$0.75
Ruben,3,UFA,2024,TE,Isaiah Likely,$9.75,$9.75,$9.75,$9.75
Ruben,3,FM,2024,WR,Dontayvion Wicks,$12.50,$12.50,$12.50,$12.50
Ruben,3,2025-R3,2025,WR,Jack Bech,$3.75,$3.75,$3.75,$3.75
Ruben,1,2023-R3,2023,WR,Jalin Hyatt,$2.75,$2.75
Ruben,1,RFA/Rstr2024,2024,WR,Justin Jefferson,$41.00,$20.50
Ruben-IR,2,2024-R1,2024,RB,Jonathon Brooks,$7.75,$0.00,$7.75
Ruben-IR,2,2024-R4,2024,TE,Erick All,$1.25,$0.00,$1.25
Ruben-TS,3,2025-R3,2025,RB,Jarquez Hunter,$3.75,$3.75,$3.75,$3.75
Ruben-TS,2,2024-R3,2024,RB,Ray Davis,$3.25,$3.25,$3.25
Ruben-TS,3,2025-R2,2025,WR,Luther Burden,$6.50,$6.50,$6.50,$6.50
Ruben-TS,2,2024-R3,2024,WR,Malik Washington,$2.50,$2.50,$2.50
Tommy,2,2024-R1,2024,QB,J.J. McCarthy,$8.50,$8.50,$8.50
Tommy,1,RFA,2024,QB,Jordan Love,$37.75,$37.75
Tommy,2,2024-R3,2024,QB,Spencer Rattler,$2.75,$2.75,$2.75
Tommy,3,2025-R1,2025,RB,Ashton Jeanty,$9.75,$9.75,$9.75,$9.75
Tommy,1,FM,2024,RB,Austin Ekeler,$27.00,$27.00
Tommy,2,UFA,2023,RB,Gus Edwards,$2.50,$2.50,$2.50
Tommy,3,UFA/Rstr2024,2024,RB,J.K. Dobbins,$12.25,$6.00,$6.00,$6.00
Tommy,3,2025-R1,2025,RB,Kaleb Johnson,$8.00,$8.00,$8.00,$8.00
Tommy,1,RFA,2024,RB,Rhamondre Stevenson,$27.00,$27.00
Tommy,2,UFA,2025,RB,Travis Etienne,$26.50,$26.50,$26.50
Tommy,3,2025-R4,2025,RB,Trevor Etienne,$1.00,$1.00,$1.00,$1.00
Tommy,2,2024-R3,2024,TE,Ben Sinnott,$3.25,$3.25,$3.25
Tommy,1,UFA,2022,TE,Dalton Schultz ,$6.50,$6.50
Tommy,2,UFA,2025,TE,Evan Engram,$7.50,$7.50,$7.50
Tommy,2,2024-R2,2024,WR,Adonai Mitchell,$5.50,$5.50,$5.50
Tommy,1,UFA,2022,WR,Amari Cooper,$15.25,$15.25
Tommy,4,FM/Rstr2025,2025,WR,Jameson Williams,$32.50,$81.25,$16.25,$16.25,$16.25
Tommy,2,2024-R2,2024,WR,Ricky Pearsall,$5.25,$5.25,$5.25
Tommy,2,2024-R2,2024,WR,Xavier Legette,$4.25,$4.25,$4.25
Tommy,1,2023-R2,2023,WR,Zay Flowers,$5.50,$5.50
Tommy-Cut,3,FM,2024,RB,Zamir White,$27.00,$27.00,$27.00,$27.00
Tommy-Cut,1,FM,2022,WR,Donovan Peoples-Jones,$4.50,$4.50
Tommy-IR,1,UFA,2022,QB,Deshaun Watson,$42.00,$0.00
Tommy-IR,1,2022-R1,2022,WR,Christian Watson,$5.25,$0.00
Tommy-TS,3,2025-R2,2025,QB,Shadeur Sanders,$4.75,$4.75,$4.75,$4.75
Tommy-TS,2,2024-R3,2024,RB,Audric Estime,$3.75,$3.75,$3.75
Tommy-TS,3,2025-R3,2025,RB,Dylan Sampson,$2.75,$2.75,$2.75,$2.75
Tommy-TS,3,2025-R3,2025,TE,Harold Fannin,$3.00,$3.00,$3.00,$3.00
Tyler,1,UFA,2024,QB,Aidan OConnell,$11.50,$11.50
Tyler,2,2024-R1,2024,QB,Bo Nix,$8.25,$8.25,$8.25
Tyler,2,RFA,2025,QB,Trevor Lawrence,$37.75,$37.75,$37.75
Tyler,3,2025-R2,2025,RB,Cam Skattebo,$6.75,$6.75,$6.75,$6.75
Tyler,3,2025-R3,2025,RB,Devin Neal,$2.50,$2.50,$2.50,$2.50
Tyler,3,2025-R4,2025,RB,DJ Giddens,$2.25,$2.25,$2.25,$2.25
Tyler,2,2024-R2,2024,RB,Jaylen Wright,$4.75,$4.75,$4.75
Tyler,1,2023-R2,2023,RB,Kendre Miller,$4.75,$4.75
Tyler,2,2024-R2,2024,RB,MarShawn Lloyd,$4.50,$4.50,$4.50
Tyler,1,RFA,2024,RB,Nick Chubb,$27.75,$27.75
Tyler,1,2023-R3,2023,RB,Roschon Johnson,$3.00,$3.00
Tyler,2,2024-R2,2024,RB,Trey Benson,$6.75,$6.75,$6.75
Tyler,1,RFA,2024,TE,George Kittle,$14.50,$14.50
Tyler,1,2023-R3,2023,TE,Luke Musgrave,$2.75,$2.75
Tyler,1,2023-R4,2023,TE,Tucker Kraft,$1.25,$1.25
Tyler,2,FM,2024,WR,Calvin Ridley,$16.50,$16.50,$16.50
Tyler,1,RFA,2024,WR,DeVonta Smith,$24.50,$24.50
Tyler,4,UFA,2025,WR,George Pickens,$16.50,$16.50,$16.50,$16.50,$16.50
Tyler,3,2025-R3,2025,WR,Jaylin Noel,$3.50,$3.50,$3.50,$3.50
Tyler,1,RFA,2024,WR,Jerry Jeudy,$18.25,$18.25
Tyler,2,2023-R1,2023,WR,Jordan Addison,$7.00,$7.00,$18.00
Tyler,3,2025-R2,2025,WR,Tre Harris,$5.00,$5.00,$5.00,$5.00
Tyler-Cut,2,UFA,2024,QB,Derek Carr,$31.25,$31.25,$31.25
Tyler-Cut,2,2024-R4,2024,WR,Brenden Rice,$1.75,$1.75,$1.75
Tyler-Cut,2,2024-R3,2024,WR,Javon Baker,$3.75,$3.75,$3.75
Tyler-TS,3,2025-R4,2025,QB,Dillon Gabriel,$2.25,$2.25,$2.25,$2.25
Tyler-TS,3,2025-R4,2025,TE,Gunnar Helm,$1.25,$1.25,$1.25,$1.25
Tyler-TS,2,2024-R4,2024,WR,Devontez Walker,$2.25,$2.25,$2.25
Tyler-TS,2,2024-R3,2024,WR,Jermaine Burton,$3.50,$3.50,$3.50
Zeke,1,2023-R1,2023,QB,Anthony Richardson,$8.00,$8.00
Zeke,1,RFA,2024,QB,Dak Prescott,$45.50,$45.50
Zeke,2,UFA,2025,QB,Daniel Jones,$16.00,$16.00,$16.00
Zeke,3,UFA,2024,QB,Geno Smith,$15.00,$15.00,$15.00,$15.00
Zeke,1,2023-R4,2023,QB,Stetson Bennett,$1.00,$1.00
Zeke,1,RFA/Rstr2024,2024,RB,Christian McCaffrey,$72.00,$36.00
Zeke,1,FM,2024,RB,Ezekiel Elliott,$10.00,$10.00
Zeke,1,RFA,2024,RB,Joe Mixon,$30.00,$30.00
Zeke,3,FM,2025,RB,Tyler Allgeier,$10.00,$10.00,$10.00,$10.00
Zeke,2,2024-R4,2024,TE,Theo Johnson,$2.00,$2.00,$2.00
Zeke,2,UFA,2025,WR,Darnell Mooney,$15.00,$15.00,$15.00
Zeke,3,UFA,2025,WR,Deebo Samuel,$12.00,$12.00,$12.00,$12.00
Zeke,1,2023-R2,2023,WR,Jonathan Mingo,$4.50,$4.50
Zeke,3,FM,2024,WR,Mike Evans,$20.00,$20.00,$20.00,$20.00
Zeke,4,FM,2025,WR,Mike Williams,$6.00,$6.00,$6.00,$6.00,$6.00
Zeke,1,RFA,2024,WR,Nico Collins,$20.00,$20.00
Zeke,1,2023-R2,2023,WR,Rashee Rice,$5.00,$5.00
Zeke-TS,3,2025-R4,2025,RB,Jordan James,$2.00,$2.00,$2.00,$2.00
Zeke-TS,3,2025-R3,2025,TE,Terrance Ferguson,$3.50,$3.50,$3.50,$3.50
Zeke-TS,3,2025-R4,2025,WR,Isaac TeSlaa,$2.00,$2.00,$2.00,$2.00
Zeke-TS,2,2024-R4,2024,WR,Jacob Cowing,$1.50,$1.50,$1.50
